family,domain,mr_or,mr_ci_low,mr_ci_high,conversion_factor_s,d_lower_signed,d_point_signed,d_upper_signed,ci_excludes_null,scale_unresolved,mr_state,registered_mr_class,alignment_flag,alignment_source,registered_classification,drug_outcome,registered_correct,status
Metabolic-AD,neuro,1.01,,,,,0.0055,,,False,inconclusive,null,aligned,,qualitative discordance,Failed,True,pre-registered
ModRisk-AD,neuro,1.1,,,,,0.0525,,,False,inconclusive,null,aligned,,qualitative discordance,Failed,True,pre-registered
Anti-CD20-MS,neuro,0.83,0.79,0.89,,-0.13,-0.1027,-0.0642,True,False,supportive,causal,instrument-target mismatch,"the MR instrument captures circulating FCRL3-mediated B-cell biology, while ocrelizumab depletes CD20+ B cells via antibody-dependent cellular cytotoxicity",concordance,Approved,True,pre-registered
Smoking-MS/AD,neuro,1.03,,,,,0.0163,,,False,inconclusive,null,aligned,,qualitative discordance,Failed,True,pre-registered
HRT-AD,neuro,1.0,0.85,1.18,,-0.0896,0.0,0.0913,False,False,negligible_range,null,aligned,,qualitative discordance,Failed,True,pre-registered
BMI-MS,neuro,1.41,1.2,1.66,,0.1005,0.1894,0.2794,True,False,supportive,causal,aligned,,concordance,Pending,,pending
BMI-AD,neuro,1.03,1.01,1.05,,0.0055,0.0163,0.0269,True,False,negligible_range,null,aligned,,qualitative discordance,Failed,True,pre-registered
VitaminD-MS,neuro,2.0,1.7,2.5,,0.2926,0.3822,0.5052,True,False,supportive,causal,aligned,,concordance,Failed,False,pre-registered
EBV-MS,neuro,5.0,2.0,20.0,,0.3822,0.8873,1.6516,True,True,supportive,causal,aligned,,concordance,Approved,True,pre-registered
HDL/CETP,cardio,0.93,0.68,1.26,,-0.2126,-0.04,0.1274,False,False,inconclusive,null,aligned,,qualitative discordance,Failed,True,pre-registered
Niacin/HDL,cardio,0.93,0.68,1.26,,-0.2126,-0.04,0.1274,False,False,inconclusive,null,aligned,,qualitative discordance,Failed,True,pre-registered
Homocysteine,cardio,1.02,0.98,1.07,,-0.0111,0.0109,0.0373,False,False,negligible_range,null,aligned,,qualitative discordance,Failed,True,pre-registered
CRP,cardio,1.0,0.97,1.02,,-0.0168,0.0,0.0109,False,False,negligible_range,null,aligned,,qualitative discordance,No benefit,True,pre-registered
Uric acid,cardio,1.05,0.92,1.2,,-0.046,0.0269,0.1005,False,False,inconclusive,null,aligned,,null concordance,Failed,,ambiguous
LDL/PCSK9,cardio,1.78,1.58,2.01,,0.2522,0.3179,0.3849,True,False,supportive,causal,aligned,,concordance,Approved,True,pre-registered
Blood pressure,cardio,1.44,1.35,1.55,,0.1655,0.201,0.2416,True,False,supportive,causal,aligned,,concordance,Approved,True,pre-registered
Triglycerides,cardio,1.62,1.24,2.11,,0.1186,0.266,0.4117,True,False,supportive,causal,aligned,,concordance,Approved,True,pre-registered
Lp(a),cardio,0.94,0.93,0.95,,-0.04,-0.0341,-0.0283,True,False,negligible_range,null,aligned,,null concordance,Pending,,pending
IL-6R,cardio,0.95,0.93,0.97,0.34,-0.1177,-0.0832,-0.0494,True,False,inconclusive,null,instrument-target mismatch,the MR instrument uses variants in IL6R while ziltivekimab targets the IL-6 ligand,qualitative discordance,Pending,,pending
IL-23-psoriasis,autoimmune,0.616,0.563,0.674,,-0.3167,-0.2671,-0.2175,True,True,supportive,causal,aligned,,concordance,Approved,True,pre-registered
CTLA-4-RA,autoimmune,0.86,0.78,0.95,,-0.137,-0.0832,-0.0283,True,True,inconclusive,null,aligned,,qualitative discordance,Approved,False,pre-registered
TNF-a-RA,autoimmune,1.0,,,,,0.0,,,False,inconclusive,null,aligned,,qualitative discordance,Approved,False,pre-registered
IL-17-psoriasis,autoimmune,0.998,,,,,-0.0011,,,False,inconclusive,null,aligned,,qualitative discordance,Approved,False,pre-registered
JAK-STAT-RA,autoimmune,1.27,1.2,1.34,,0.1005,0.1318,0.1614,True,True,supportive,causal,aligned,,concordance,Approved,True,pre-registered
CD20-RA,autoimmune,1.291,1.19,1.391,,0.0959,0.1408,0.182,True,True,supportive,causal,aligned,,concordance,Approved,True,pre-registered
IL-4Ra-AD,autoimmune,1.02,,,,,0.0109,,,False,inconclusive,null,construct-limited,drug_outcome,qualitative discordance,Construct-limited,,construct-limited
IL-1b-CVD,autoimmune,1.0,,,,,0.0,,,False,inconclusive,null,aligned,,qualitative discordance,Failed,True,pre-registered
VitD-Cancer,oncology,0.97,0.88,1.07,,-0.0705,-0.0168,0.0373,False,False,negligible_range,null,aligned,,qualitative discordance,Failed,True,extension
IGF1-CRC,oncology,1.22,1.09,1.36,,0.0475,0.1096,0.1695,True,False,supportive,causal,indication mismatch,"the MR estimate is for colorectal cancer risk, while the Phase III programs treated non-small-cell lung cancer, Ewing sarcoma, and pancreatic cancer",genetic-only signal,Failed,False,extension
Estrogen-BC,oncology,1.03,1.01,1.06,,0.0055,0.0163,0.0321,True,False,negligible_range,null,aligned,,qualitative discordance,Approved,False,extension
Eos/IL5-Asthma,respiratory,1.5,1.23,1.83,,0.1141,0.2235,0.3332,True,False,supportive,causal,aligned,,concordance,Approved,True,extension
IL4Ra-Asthma,respiratory,0.87,0.82,0.93,,-0.1094,-0.0768,-0.04,True,False,inconclusive,null,construct-limited,drug_outcome,qualitative discordance,Construct-limited,,construct-limited
TSLP-Asthma,respiratory,1.02,,,,,0.0109,,,False,inconclusive,null,construct-limited,drug_outcome,qualitative discordance,Construct-limited,,construct-limited
SGLT2-HF,metabolic,0.44,0.26,0.76,,-0.7427,-0.4526,-0.1513,True,False,supportive,causal,aligned,,concordance,Approved,True,extension
GLP1R-T2D/Obesity,metabolic,1.0,,,,,0.0,,,False,inconclusive,null,construct-limited,drug_outcome,null concordance,Construct-limited,,construct-limited
Urate-Gout,metabolic,5.0,3.5,8.0,,0.6907,0.8873,1.1465,True,False,supportive,causal,aligned,,concordance,Approved,True,extension
IL6-MDD,psychiatry,1.01,0.99,1.04,,-0.0055,0.0055,0.0216,False,False,negligible_range,null,instrument-target mismatch,sirukumab neutralizes the IL-6 ligand; the declared instrument is the IL-6 receptor; the estimate used is downstream CRP (Amendment 5),qualitative discordance,Failed,True,extension
IL23-Crohns,gastroenterology,1.0,,,,,0.0,,,True,inconclusive,null,construct-limited,drug_outcome,qualitative discordance,Construct-limited,,construct-limited
Complement-GA,ophthalmology,2.5,2.2,2.85,,0.4347,0.5052,0.5774,True,True,supportive,causal,instrument-target mismatch,MR instruments complement pathway broadly (CFH); drug targeted Factor D specifically (classifier note),concordance,Failed,False,extension
Sclerostin-Fracture,musculoskeletal,0.59,0.54,0.66,,-0.3397,-0.2909,-0.2291,True,False,supportive,causal,aligned,,concordance,Approved,True,extension
Serotonin-MDD,psychiatry,1.08,1.03,1.12,,0.0163,0.0424,0.0625,True,True,inconclusive,null,aligned,,qualitative discordance,Approved,False,extension
